{
  "accuracy": [
    0.8300392031669617,
    0.9083611965179443,
    0.9198620915412903,
    0.9238887429237366,
    0.9283364415168762,
    0.9296523332595825,
    0.931994616985321,
    0.9325209856033325,
    0.9453904032707214,
    0.9592599272727966,
    0.9624970555305481,
    0.9671552777290344,
    0.9721294045448303,
    0.9781561493873596,
    0.9807616472244263,
    0.9818143248558044,
    0.9830775856971741,
    0.98549884557724
  ],
  "loss": [
    0.6045043468475342,
    0.2877486050128937,
    0.24804240465164185,
    0.23159903287887573,
    0.2164340764284134,
    0.2139904797077179,
    0.20349736511707306,
    0.20276160538196564,
    0.16339610517024994,
    0.12161752581596375,
    0.10780610889196396,
    0.09350302070379257,
    0.07957066595554352,
    0.06117559224367142,
    0.05628355219960213,
    0.0515875406563282,
    0.04798533394932747,
    0.04242389649152756
  ],
  "val_accuracy": [
    0.9093369245529175,
    0.9231147766113281,
    0.9217615723609924,
    0.9339402318000793,
    0.9325870275497437,
    0.9382457733154297,
    0.9386148452758789,
    0.9336941838264465,
    0.9521466493606567,
    0.95842045545578,
    0.9648173451423645,
    0.9624800086021423,
    0.9592815637588501,
    0.9766268730163574,
    0.976503849029541,
    0.9720752835273743,
    0.9730594158172607,
    0.9757657647132874
  ],
  "val_loss": [
    0.2967096269130707,
    0.2470225989818573,
    0.23911967873573303,
    0.20438718795776367,
    0.20584146678447723,
    0.19489316642284393,
    0.19723057746887207,
    0.20668169856071472,
    0.14343833923339844,
    0.12767499685287476,
    0.11491233855485916,
    0.11941539496183395,
    0.13125288486480713,
    0.08162704855203629,
    0.08070765435695648,
    0.09460201114416122,
    0.09622550010681152,
    0.08523262292146683
  ],
  "learning_rate": [
    0.0010000000474974513,
    0.0010000000474974513,
    0.0010000000474974513,
    0.0010000000474974513,
    0.0010000000474974513,
    0.0010000000474974513,
    0.0010000000474974513,
    0.0010000000474974513,
    9.999999747378752e-06,
    9.999999747378752e-06,
    9.999999747378752e-06,
    9.999999747378752e-06,
    9.999999747378752e-06,
    4.999999873689376e-06,
    4.999999873689376e-06,
    4.999999873689376e-06,
    4.999999873689376e-06,
    2.499999936844688e-06
  ]
}